<?xml version="1.0" encoding="UTF-8"?><rss version="2.0"
	xmlns:content="http://purl.org/rss/1.0/modules/content/"
	xmlns:dc="http://purl.org/dc/elements/1.1/"
	xmlns:atom="http://www.w3.org/2005/Atom"
	xmlns:sy="http://purl.org/rss/1.0/modules/syndication/"
	
	>
<channel>
	<title>
	Comments on: Fiverr: How To Start Freelancing Career With Fiverr.[Free Download]	</title>
	<atom:link href="/31/feed/" rel="self" type="application/rss+xml" />
	<link>/31/</link>
	<description>Free Online Courses</description>
	<lastBuildDate>Mon, 28 Sep 2020 08:00:37 +0000</lastBuildDate>
	<sy:updatePeriod>
	hourly	</sy:updatePeriod>
	<sy:updateFrequency>
	1	</sy:updateFrequency>
	<generator>https://wordpress.org/?v=5.5.1</generator>
</channel>
</rss>

<!--
Performance optimized by W3 Total Cache. Learn more: https://www.boldgrid.com/w3-total-cache/

Object Caching 18/24 objects using apc
Page Caching using apc (Page is feed) 
Database Caching using apc

Served from: dailyrewards04.06-3.com @ 2020-09-28 08:22:46 by W3 Total Cache
-->